question,answer
How many bones does an adult have?,An adult skeleton has 206 bones.
What does the skull protect?,The skull protects the brain.
What is the only skull bone that moves?,"The lower jaw, called the mandible, is the only skull bone that moves."
What does the spine protect?,The spine protects the spinal cord.
What is the spine made of?,The spine is made of 33 small bones called vertebrae.
What protects the heart and the lungs?,"The rib cage, with its 12 pairs of ribs, protects the heart and the lungs."
What is the sternum?,"The sternum, also called the breastbone, is in the middle of the chest and joins the ribs at the front."
What is the longest bone in the body?,"The femur, or thigh bone, is the longest and strongest bone in the body."
What is the smallest bone in the body?,"The stapes, found inside the ear, is the smallest bone in the body."
What is the humerus?,The humerus is the bone of the upper arm.
What is the tibia?,The tibia is the shin bone.
What is the patella?,"The patella, also called the kneecap, protects the knee joint."
How many bones are in each hand?,Each hand has 27 bones.
What connects one bone to another bone?,Ligaments are tough bands that connect one bone to another bone.
What do tendons connect?,Tendons connect muscles to bones.
How many muscles does the human body have?,The human body has more than 600 muscles.
What are the three kinds of muscle?,"The three kinds of muscle are skeletal muscle, smooth muscle and cardiac muscle."
Where is cardiac muscle found?,Cardiac muscle is found only in the heart.
What is the largest muscle in the body?,The gluteus maximus is the largest muscle in the body.
What is the thickest tendon in the body?,The Achilles tendon is the thickest tendon in the body.
What does the biceps do?,The biceps is the muscle on the front of the upper arm that bends the elbow.
What is the heart?,The heart is a muscular organ that pumps blood around the body.
How many chambers does the heart have?,The heart has four chambers.
How many times does a healthy adult heart beat in a minute?,A healthy adult heart beats about 60 to 100 times a minute.
What do arteries do?,Arteries carry blood away from the heart.
What do veins do?,Veins carry blood back to the heart.
What is the largest artery in the body?,The aorta is the largest artery in the body.
What are capillaries?,"Capillaries are the tiniest blood vessels, and they connect arteries to veins."
How much blood does an adult have?,An adult has about five liters of blood.
What do red blood cells carry?,Red blood cells carry oxygen.
What makes blood red?,"Haemoglobin, a protein in red blood cells, makes blood red."
What do white blood cells do?,White blood cells fight germs and infections.
What do platelets do?,Platelets help the blood to clot when you have a cut.
What are the four main blood groups?,"The four main blood groups are A, B, AB and O."
How many lungs does a person have?,"A person has two lungs, one on each side of the chest."
Which lung is smaller?,The left lung is slightly smaller than the right lung to leave room for the heart.
What is the windpipe also called?,The windpipe is also called the trachea.
What are alveoli?,"Alveoli are tiny air sacs at the ends of the bronchioles, where oxygen passes into the blood."
What muscle helps you breathe?,The diaphragm is the muscle under the lungs that helps you breathe.
How many times does an adult breathe in a minute at rest?,An adult at rest breathes about 12 to 20 times a minute.
What does the epiglottis do?,The epiglottis is a small flap that stops food from going into the windpipe when you swallow.
What is the voice box called?,"The voice box is also called the larynx, and it contains the vocal cords."
How many teeth does an adult have?,An adult has 32 teeth.
What does the esophagus do?,The esophagus is a muscular tube that carries food from the throat to the stomach.
What does the stomach do?,The stomach mixes food with strong acid and enzymes.
How long is the small intestine?,The small intestine is about six meters long.
What does the large intestine absorb?,The large intestine absorbs water from the leftover food.
What is the largest internal organ?,The liver is the largest internal organ.
What does the gallbladder store?,The gallbladder stores bile until it is needed.
What does the pancreas make?,The pancreas makes enzymes for digestion and makes insulin.
What is the brain?,The brain is the control center of the human body.
How many neurons are in the brain?,An adult brain contains about 86 billion neurons.
What does the cerebellum control?,The cerebellum controls balance and coordination.
What does the brainstem control?,The brainstem controls breathing and the heartbeat.
What does the spinal cord do?,The spinal cord carries messages between the brain and the body.
What is a reflex?,A reflex is a quick action that the body does without waiting for the brain.
What are the five senses?,"The five senses are sight, hearing, smell, taste and touch."
What does the pupil do?,The pupil is the black circle in the middle of the eye that lets light in.
What does the iris do?,"The iris is the colored part of the eye, and it controls the size of the pupil."
What does the retina do?,The retina has cells that turn light into signals.
What does the eardrum do?,The eardrum is a thin skin that vibrates when sound reaches it.
What is the cochlea?,The cochlea is a snail-shaped part of the inner ear that turns vibrations into nerve signals.
What are taste buds?,Taste buds are the small bumps on the tongue that sense taste.
What is the largest organ of the body?,The skin is the largest organ of the body.
What gives skin its color?,Melanin is the pigment that gives skin its color.
What do the kidneys do?,The kidneys filter waste and extra water from the blood to make urine.
What carries urine from the kidney to the bladder?,The ureter carries urine from each kidney down to the bladder.
What does the bladder do?,The bladder is a stretchy bag that stores urine.
What is the master gland?,The pituitary gland is called the master gland because it controls other glands.
Where is the thyroid?,The thyroid is a butterfly-shaped gland in the neck.
What does the spleen do?,The spleen filters old blood cells and helps to fight infection.
