question,answer
What is the capital of France?,The capital of France is Paris.
What is the capital of Japan?,The capital of Japan is Tokyo.
What is the capital of India?,The capital of India is New Delhi.
What is the capital of Brazil?,The capital of Brazil is Brasilia.
What is the capital of Australia?,The capital of Australia is Canberra.
What is the largest planet?,Jupiter is the largest planet in our solar system.
Which planet is closest to the sun?,Mercury is the closest planet to the sun.
Which planet is known as the red planet?,Mars is known as the red planet.
How many days are in a week?,There are seven days in a week.
How many months are in a year?,There are twelve months in a year.
What do plants need to make food?,"Plants need sunlight, water and carbon dioxide to make food. This is called photosynthesis."
What gas do humans breathe in?,Humans breathe in oxygen.
What is water made of?,Water is made of hydrogen and oxygen.
At what temperature does water boil?,Water boils at 100 degrees Celsius.
At what temperature does water freeze?,Water freezes at 0 degrees Celsius.
What is the largest ocean?,The Pacific Ocean is the largest ocean.
What is the tallest mountain?,Mount Everest is the tallest mountain above sea level.
What is the longest river in Africa?,The Nile is the longest river in Africa.
What is a mammal?,A mammal is a warm-blooded animal that feeds its young with milk.
What is the fastest land animal?,The cheetah is the fastest land animal.
What is a noun?,A noun is a word that names a person; place or thing.
What is a verb?,A verb is a word that describes an action or a state.
What is a variable in programming?,A variable is a named place that stores a value in a program.
What does CPU stand for?,CPU stands for central processing unit.
What does HTML stand for?,HTML stands for HyperText Markup Language.
What is Python?,Python is a popular programming language that is easy to read and learn.
What is an algorithm?,An algorithm is a set of steps for solving a problem.
Who wrote Romeo and Juliet?,William Shakespeare wrote Romeo and Juliet.
Who painted the Mona Lisa?,Leonardo da Vinci painted the Mona Lisa.
Who was the first person to walk on the moon?,Neil Armstrong was the first person to walk on the moon.
What is 7 times 8?,Seven times eight is fifty-six.
How many sides does a triangle have?,A triangle has three sides.
How many minutes are in an hour?,There are sixty minutes in an hour.
How do I stay healthy?,"Eat a balanced diet, exercise regularly, drink water and get enough sleep."
How do I make tea?,"Boil water, pour it over a tea bag in a cup, wait a few minutes, then remove the bag."
How do I learn something new quickly?,"Practise a little every day, test yourself often and review what you got wrong."
What can you do?,"I can chat, remember facts you tell me and learn from the datasets you give me."
Who are you?,I am Aimodel; a small AI that learns from you and your data.
